{"cameraMode":{"drawMode":0,"name":"Shaded","section":"Shading Mode"},"sceneLighting":false,"audioPlay":false,"sceneViewState":{"m_AlwaysRefresh":false,"showFog":true,"showSkybox":false,"showFlares":true,"showImageEffects":true,"showParticleSystems":true,"showVisualEffectGraphs":true,"m_FxEnabled":true},"in2DMode":false,"pivot":{"x":0.07303459197282791,"y":2.3516883850097658,"z":-0.016248703002929689},"rotation":{"x":-0.05727798119187355,"y":-0.002398860175162554,"z":0.00013761741865891963,"w":-0.9983556866645813},"size":7.164485454559326,"orthographic":false}